ChainName,ChainId,TxHash,TxType,BlockNumber,BlockHash,BlockTimestamp,From,FromName,To,ToName,ContractAddress,TokenName,TokenSymbol,TokenAmount,TokenId,MethodHash,MethodName,NativeToken,NativeTokenHistoricPrice(USD),ValueIn(NativeToken),ValueOut(NativeToken),TxStatus,TxFee(NativeToken),TxFee(USD)
Avalanche (C-Chain),43113,0xe9d739425e25450ad7acac443382e0d64115302c2a7bc538986aa392b3b29915,nativeTransaction,34553322,0x231d19bf67a307187413fe67c1e98b253f6f2ecc2ad637060fcbb97cdea1c621,2024-06-29 05:19:15 +0000 UTC,0x2352D20fC81225c8ECD8f6FaA1B37F24FEd450c9,,0xA089a21902914C3f3325dBE2334E9B466071E5f1,,,,,,,0xa9059cbb,,AVAX,27.897557,,,1,0.002215395000000000,0.061804
Avalanche (C-Chain),43113,0xe9d739425e25450ad7acac443382e0d64115302c2a7bc538986aa392b3b29915,erc20Transfer,34553322,0x231d19bf67a307187413fe67c1e98b253f6f2ecc2ad637060fcbb97cdea1c621,2024-06-29 05:19:15 +0000 UTC,0x2352D20fC81225c8ECD8f6FaA1B37F24FEd450c9,,0x7FfB72844364570db0893DB51798B53ff17D8fB7,,0xA089a21902914C3f3325dBE2334E9B466071E5f1,EUROe Stablecoin,EUROe,10.000000,,,,AVAX,,,,1,,
Avalanche (C-Chain),43113,0xf62d9448fe608e9461de73c2f29ac2831a42e71a0e6c23fc8126d54b3335ce7e,nativeTransaction,34553544,0xb62247d096d2bf5b4460c57f69ede5948eaed1b4eeb6d1749cdbc516e1235016,2024-06-29 05:35:26 +0000 UTC,0xD5a3EA3db5548b29e13D4cFc2a27a247E2e02456,,0x7FfB72844364570db0893DB51798B53ff17D8fB7,,,,,,,,Native Transfer,AVAX,27.897557,0.499475000000000002,,1,0.000525000000000000,0.014646
Avalanche (C-Chain),43113,0xf4a99befa9c2641017672d2449a989c10785f99cdf6d80fe47aeb5035ec8eb5d,nativeTransaction,34555010,0x74ded51683b489cdb4c65e92809be1eed64126e62b71a8f7c42c654e7e14d3a8,2024-06-29 07:24:40 +0000 UTC,0x7FfB72844364570db0893DB51798B53ff17D8fB7,,0x416832D498696995a72Ccc50a47559BdBcAE2daA,,,,,,,,Contract Created,AVAX,27.897557,,0.000000000000000000,1,0.041243525000000003,1.150594
Avalanche (C-Chain),43113,0x5c0f240cdb451e8bd8fa134025f1fb6b0ced07e40e434e7f9e88e8ae17fdca47,nativeTransaction,34555052,0x00ab19ea71536291736f011714542123401a596db6f1336fb7cd5ca9ee50ce94,2024-06-29 07:27:18 +0000 UTC,0x7FfB72844364570db0893DB51798B53ff17D8fB7,,0x416832D498696995a72Ccc50a47559BdBcAE2daA,,,,,,,0x862e6dff,,AVAX,27.897557,,0.000000000000000000,1,0.001827475000000000,0.050982
Avalanche (C-Chain),43113,0x17e904623139044249ac22f94fe7efa70e6eb7043430a9b59e697a437058c001,nativeTransaction,34555062,0x4851a0d7cb962e0c25a420b88a174892776018281fd12b0a7289196d63f90b62,2024-06-29 07:27:59 +0000 UTC,0x7FfB72844364570db0893DB51798B53ff17D8fB7,,0x416832D498696995a72Ccc50a47559BdBcAE2daA,,,,,,,0x862e6dff,,AVAX,27.897557,,0.000000000000000000,1,0.002325575000000000,0.064878
Avalanche (C-Chain),43113,0x809cf4fd7b77b22880a935984f2ea94a7949a80d9a234093d0f07134e75a93dc,nativeTransaction,34555072,0x1e4b2dec6a47c3584aa4bcab65ff7ca827408b9475a9bd90321fb3cc48aaefc8,2024-06-29 07:28:47 +0000 UTC,0x7FfB72844364570db0893DB51798B53ff17D8fB7,,0x416832D498696995a72Ccc50a47559BdBcAE2daA,,,,,,,0x862e6dff,,AVAX,27.897557,,0.000000000000000000,1,0.002327075000000000,0.064920
Avalanche (C-Chain),43113,0x53ea2f5c4a528b762900344f742b2de35ee2817cb51563056191b70d3d83e021,nativeTransaction,34555101,0x229cc9095cd0681841287906883fae98f4cc8f4b3ffd7da8bab447fa2eb59149,2024-06-29 07:30:28 +0000 UTC,0x7FfB72844364570db0893DB51798B53ff17D8fB7,,0x416832D498696995a72Ccc50a47559BdBcAE2daA,,,,,,,0x862e6dff,,AVAX,27.897557,,0.000000000000000000,1,0.002326475000000000,0.064903
Avalanche (C-Chain),43113,0xe1c51f48bced7f794769849f5046e21c56b852c4e2071c68c1c978333d141d11,nativeTransaction,34555147,0xd2ff4977d43f6321efba6a2f922c1d7376b66b8627756cce8db163eefaf6dcff,2024-06-29 07:33:34 +0000 UTC,0x7FfB72844364570db0893DB51798B53ff17D8fB7,,0x416832D498696995a72Ccc50a47559BdBcAE2daA,,,,,,,0xa9059cbb,,AVAX,27.897557,,0.000000000000000000,0,0.000629550000000000,0.017563
Avalanche (C-Chain),43113,0xa2dc75f5a7524be18edebaf46d23735ec828c1388f1d2dac0b6f91cff605a177,nativeTransaction,34555200,0x5f2cc8c3323baeaac592d40cf4a6bcf0ab62beec2f40f56c3a1d70135b40bcf2,2024-06-29 07:36:37 +0000 UTC,0x7FfB72844364570db0893DB51798B53ff17D8fB7,,0xeCa4004B5C920BbDe1Ff4014f584008Aa3c65Ce2,,,,,,,,Contract Created,AVAX,27.897557,,0.000000000000000000,1,0.041243525000000003,1.150594
Avalanche (C-Chain),43113,0x4dd9fc7592e3d7ac08e28cc011c0f64b3fb29ee368254b6adc5076638d836916,nativeTransaction,34555223,0x99011eb6c807d7b01b1ed45184bea7f18c68f88b2351f175aeb8b8764281eb9d,2024-06-29 07:37:52 +0000 UTC,0x7FfB72844364570db0893DB51798B53ff17D8fB7,,0xeCa4004B5C920BbDe1Ff4014f584008Aa3c65Ce2,,,,,,,0x40c10f19,,AVAX,27.897557,,0.000000000000000000,1,0.001778725000000000,0.049622
Avalanche (C-Chain),43113,0xd0422aa90dfa5ffa77d73f591bc543b5af769d86e2b7f218045ef0bc8f6f0b02,nativeTransaction,34555257,0xc2085c9830ac7fb3c14dd347c36d1cb832dc201284fe0c5b653f4bcdfb4e177e,2024-06-29 07:39:57 +0000 UTC,0x7FfB72844364570db0893DB51798B53ff17D8fB7,,0xeCa4004B5C920BbDe1Ff4014f584008Aa3c65Ce2,,,,,,,0x862e6dff,,AVAX,27.897557,,0.000000000000000000,1,0.002325575000000000,0.064878
Avalanche (C-Chain),43113,0x867d112c3ff11e7da399f7b0e56e776130392d1184e8218d2154ceb05f90fd66,nativeTransaction,34555405,0x48da7150dc77c1aec65e75220ce9c03120520113ec663d8b3b3a26fa30671fb3,2024-06-29 07:50:59 +0000 UTC,0x7FfB72844364570db0893DB51798B53ff17D8fB7,,0x5Bc99a3FAB0e41E2928B7c5fE618Ff0fE764da45,,,,,,,,Native Transfer,AVAX,27.897557,,0.002000000000000000,1,0.000525000000000000,0.014646
